ID,Name,Email,Phone,Country,Age,Gender,Occupation,Salary
1,John Doe,johndoe@example.com,1234567890,USA,35,Male,Engineer,80000
2,Jane Smith,janesmith@example.com,0987654321,Canada,30,Female,Data Scientist,85000
3,Alice Johnson,alicejohnson@example.com,9876543210,UK,40,Female,Manager,90000
4,Bob Brown,bobbrown@example.com,1357924680,Australia,45,Male,Doctor,95000
5,Emily Davis,emilydavis@example.com,2468013579,Germany,28,Female,Designer,75000
6,Michael Wilson,michaelwilson@example.com,3692581470,France,33,Male,Consultant,85000
7,Sophia Garcia,sophiagarcia@example.com,5793146280,Spain,38,Female,Teacher,70000
8,William Martinez,williammartinez@example.com,7531902468,Italy,42,Male,Lawyer,100000
9,Olivia Rodriguez,oliviarodriguez@example.com,8642079351,Japan,37,Female,Entrepreneur,95000
10,Liam Hernandez,liamhernandez@example.com,9517384620,Brazil,31,Male,Developer,80000
11,Isabella Lopez,isabellalopez@example.com,4268391750,India,29,Female,Analyst,75000
12,Ethan Adams,ethanadams@example.com,3579246810,China,36,Male,Scientist,90000
13,Mia Lee,mialee@example.com,2890134756,South Korea,34,Female,Manager,95000
14,Lucas Nguyen,lucasnguyen@example.com,1064257893,Russia,39,Male,Designer,85000
15,Amelia Kim,ameliakim@example.com,4315789026,Argentina,32,Female,Consultant,80000
